{
  "configVersion": 1,
  "timestamp": 1702312553168,
  "index": "/identity/index.html",
  "assetGroups": [
    {
      "name": "app",
      "installMode": "prefetch",
      "updateMode": "prefetch",
      "cacheQueryOptions": {
        "ignoreVary": true
      },
      "urls": [
        "/identity/1-es2015.3dcef8e308832aa0aabb.js",
        "/identity/1-es5.3dcef8e308832aa0aabb.js",
        "/identity/10-es2015.37949ea605cba4a3293a.js",
        "/identity/10-es5.37949ea605cba4a3293a.js",
        "/identity/11-es2015.c4f61d8d711292971afc.js",
        "/identity/11-es5.c4f61d8d711292971afc.js",
        "/identity/12-es2015.5b0e65c40dfa47baa701.js",
        "/identity/12-es5.5b0e65c40dfa47baa701.js",
        "/identity/13-es2015.b87e1f7df1ab497f42f3.js",
        "/identity/13-es5.b87e1f7df1ab497f42f3.js",
        "/identity/7-es2015.6f1ea1afd79a093e44c3.js",
        "/identity/7-es5.6f1ea1afd79a093e44c3.js",
        "/identity/8-es2015.6b80540e1e84a0ba4600.js",
        "/identity/8-es5.6b80540e1e84a0ba4600.js",
        "/identity/9-es2015.abb8f59cfc018fad031e.js",
        "/identity/9-es5.abb8f59cfc018fad031e.js",
        "/identity/common-es2015.f821665d37f26524806d.js",
        "/identity/common-es5.f821665d37f26524806d.js",
        "/identity/main-es2015.4d19741d4fadbd910338.js",
        "/identity/main-es5.4d19741d4fadbd910338.js",
        "/identity/polyfills-es2015.21b664eb3e98e6fcf324.js",
        "/identity/polyfills-es5.3993d949783409e7f32d.js",
        "/identity/runtime-es2015.f5d0fe9f6c773ba4a235.js",
        "/identity/runtime-es5.f5d0fe9f6c773ba4a235.js",
        "/identity/styles.d3bbd37a4a5c2f860fa1.css"
      ],
      "patterns": []
    },
    {
      "name": "assets",
      "installMode": "lazy",
      "updateMode": "prefetch",
      "cacheQueryOptions": {
        "ignoreVary": true
      },
      "urls": [
        "/identity/MaterialIcons-Regular.4674f8ded773cb03e824.eot",
        "/identity/MaterialIcons-Regular.5e7382c63da0098d634a.ttf",
        "/identity/MaterialIcons-Regular.83bebaf37c09c7e1c3ee.woff",
        "/identity/MaterialIcons-Regular.cff684e59ffb052d72cb.woff2",
        "/identity/assets/account-header-bg.jpg",
        "/identity/assets/avatar.svg",
        "/identity/assets/bg-customer-select.svg",
        "/identity/assets/bg-tenant-select.svg",
        "/identity/assets/country/en.svg",
        "/identity/assets/country/fr.svg",
        "/identity/assets/footer-logo.svg",
        "/identity/assets/logo.png",
        "/identity/assets/logo.svg",
        "/identity/assets/logo_FOOTER.png",
        "/identity/assets/logo_HEADER.png",
        "/identity/assets/logo_PORTAL.png",
        "/identity/assets/logo_USER.png",
        "/identity/assets/mini-logo-vitam.png",
        "/identity/assets/my-account.svg",
        "/identity/assets/shared-i18n/README.md",
        "/identity/assets/user_icon.png",
        "/identity/assets/vitam-logo.png",
        "/identity/mulishFont200.1e3ade16373e5c750d4e.woff2",
        "/identity/mulishFont700.82ca89e377b3519c3ceb.woff2",
        "/identity/mulishFontsGoogleLatin.534216428c5bbca363fa.woff2",
        "/identity/mulishFontsGoogleLatinExt.62f3e8b58b51d2b37d0c.woff2",
        "/identity/vitamui-icon.44bb34d89ab63e82d033.eot",
        "/identity/vitamui-icon.9553f8ad5e439440667d.svg",
        "/identity/vitamui-icon.b5148d32008d1fd31773.ttf",
        "/identity/vitamui-icon.bbf0f58ce877c85100ff.woff"
      ],
      "patterns": []
    }
  ],
  "dataGroups": [],
  "hashTable": {
    "/identity/1-es2015.3dcef8e308832aa0aabb.js": "a8f09f3a26536618fc5d87807eb0574851cc6ece",
    "/identity/1-es5.3dcef8e308832aa0aabb.js": "c9daf3e03e5ef2453f766c100849876d1ac6c429",
    "/identity/10-es2015.37949ea605cba4a3293a.js": "3ea6388ea30c69858a3b9af81714805ff1f4ba63",
    "/identity/10-es5.37949ea605cba4a3293a.js": "24eb395ec8838bd20eeb0d4a445699f53286e583",
    "/identity/11-es2015.c4f61d8d711292971afc.js": "6a43182165e8e5d1e4ce33aebcbb4036a4ad4296",
    "/identity/11-es5.c4f61d8d711292971afc.js": "ca56298a22a4b5b92bb30521e67f97aaa0b10600",
    "/identity/12-es2015.5b0e65c40dfa47baa701.js": "536ef56db6e3874935fab2364e3a9ff5e590e146",
    "/identity/12-es5.5b0e65c40dfa47baa701.js": "642f2f51c71bc3c10fdddd2956238591d99c810f",
    "/identity/13-es2015.b87e1f7df1ab497f42f3.js": "54046754559103d82deabcc6daec16d385699a28",
    "/identity/13-es5.b87e1f7df1ab497f42f3.js": "8889cee10589b885e1526d10781703431ded5b69",
    "/identity/7-es2015.6f1ea1afd79a093e44c3.js": "c6159982e3432eb0ef4adc2ea1e59b7be6b2928d",
    "/identity/7-es5.6f1ea1afd79a093e44c3.js": "3b1b199b6f03064ca6a6759b565775f9319c47df",
    "/identity/8-es2015.6b80540e1e84a0ba4600.js": "a7ebd3fa5dc4ef14d542c44ffa55921964cbbc3e",
    "/identity/8-es5.6b80540e1e84a0ba4600.js": "ec7ac19163ae1d514110877314bf866ddfa8a669",
    "/identity/9-es2015.abb8f59cfc018fad031e.js": "b295eda84b78166e92100dec6c7b196f47cf44e5",
    "/identity/9-es5.abb8f59cfc018fad031e.js": "147a212b2a8b4d1b0f4ce5b1951320de00c92783",
    "/identity/MaterialIcons-Regular.4674f8ded773cb03e824.eot": "26fb8cecb5512223277b4d290a24492a0f09ede1",
    "/identity/MaterialIcons-Regular.5e7382c63da0098d634a.ttf": "fc05de31234e0090f7ddc28ce1b23af4026cb1da",
    "/identity/MaterialIcons-Regular.83bebaf37c09c7e1c3ee.woff": "c6c953c2ccb2ca9abb21db8dbf473b5a435f0082",
    "/identity/MaterialIcons-Regular.cff684e59ffb052d72cb.woff2": "09963592e8c953cc7e14e3fb0a5b05d5042e8435",
    "/identity/assets/account-header-bg.jpg": "fdc25ee6846edde0c4d5d6991d970e621f1a0aa0",
    "/identity/assets/avatar.svg": "9ff04f0651578b0dbfc9f97a27a89506101394bc",
    "/identity/assets/bg-customer-select.svg": "0e9bc0fabae742969014b5fef803eee707922634",
    "/identity/assets/bg-tenant-select.svg": "da489f784d433747fae9a8d873c7e8d658fbdf20",
    "/identity/assets/country/en.svg": "2b5148a18b90f933e47bf895c26d61a52d21d9d8",
    "/identity/assets/country/fr.svg": "e3deb99b897e85df223b6d5d63628ea6d9c762c1",
    "/identity/assets/footer-logo.svg": "8d54e762125574e92769c3dfe308afc2307cce3b",
    "/identity/assets/logo.png": "918f4351c803e4440d869b689744c3f77a263461",
    "/identity/assets/logo.svg": "163806bb7a3e5505d7c2432965564eb8f851dc13",
    "/identity/assets/logo_FOOTER.png": "5b8fd9e0bdc417b8ecf5d06739a1ef89b1741d1e",
    "/identity/assets/logo_HEADER.png": "5b8fd9e0bdc417b8ecf5d06739a1ef89b1741d1e",
    "/identity/assets/logo_PORTAL.png": "918f4351c803e4440d869b689744c3f77a263461",
    "/identity/assets/logo_USER.png": "e80658984ef4c1a71f3d0eb007251eeb1607ed77",
    "/identity/assets/mini-logo-vitam.png": "e9ac16ff7a717a1f2f8028cb19a95390422b4358",
    "/identity/assets/my-account.svg": "6fd87f211c8f87de0e73b0e01c138eaf90239869",
    "/identity/assets/shared-i18n/README.md": "ad2be5823598747b0e097b9418037c0af0f6cfa2",
    "/identity/assets/user_icon.png": "e80658984ef4c1a71f3d0eb007251eeb1607ed77",
    "/identity/assets/vitam-logo.png": "0bcb4aaad694b796cf574e4f7aca90b740bcb9f2",
    "/identity/common-es2015.f821665d37f26524806d.js": "ab9632a29096a7f281f2cdc557b2c2054eb05c4d",
    "/identity/common-es5.f821665d37f26524806d.js": "e4ea5131ee8a6f50e5da1d0571da23ac4ceb9d58",
    "/identity/main-es2015.4d19741d4fadbd910338.js": "5529f86b46adc3ec2b67ad6aa65a3d2631227691",
    "/identity/main-es5.4d19741d4fadbd910338.js": "dbda82d936ed3bfbb8599baa96be1c80db4f8f21",
    "/identity/mulishFont200.1e3ade16373e5c750d4e.woff2": "c680d8d864f3c61fb790b73770307a845fe4c3b1",
    "/identity/mulishFont700.82ca89e377b3519c3ceb.woff2": "dc1337f1da45164af176cf5b81f4d238c39d9694",
    "/identity/mulishFontsGoogleLatin.534216428c5bbca363fa.woff2": "081111500e97a7663ff936f847e050fee6b8be2b",
    "/identity/mulishFontsGoogleLatinExt.62f3e8b58b51d2b37d0c.woff2": "f690c11fe3c8ff360672da95dcfaf0073a8fdc37",
    "/identity/polyfills-es2015.21b664eb3e98e6fcf324.js": "75d040e051aea666175d1dc2f728e30bc3b7e6ce",
    "/identity/polyfills-es5.3993d949783409e7f32d.js": "69e71b3c99bba25290ce76dbfcb4291432a7a5b7",
    "/identity/runtime-es2015.f5d0fe9f6c773ba4a235.js": "f4e175bd3be1e303c2ff89dc7d77fe01a9ff32db",
    "/identity/runtime-es5.f5d0fe9f6c773ba4a235.js": "120c692a3dc5e5334aa2a8b7588e6be369a4c790",
    "/identity/styles.d3bbd37a4a5c2f860fa1.css": "3b6de29194ff12723761e233f05a773e1258a7ae",
    "/identity/vitamui-icon.44bb34d89ab63e82d033.eot": "44837a69a1e93af2ca72a4f1ab734f2a5a535181",
    "/identity/vitamui-icon.9553f8ad5e439440667d.svg": "d4902856d9d3ad1dc126ebcf1afcd172bd759c5b",
    "/identity/vitamui-icon.b5148d32008d1fd31773.ttf": "0acd2739e5450824ac5aebb1cf0a514d4f981d64",
    "/identity/vitamui-icon.bbf0f58ce877c85100ff.woff": "9d2108e8d53510827a36f47509c0fa9189c3c037"
  },
  "navigationUrls": [
    {
      "positive": true,
      "regex": "^\\/.*$"
    },
    {
      "positive": false,
      "regex": "^\\/(?:.+\\/)?[^/]*\\.[^/]*$"
    },
    {
      "positive": false,
      "regex": "^\\/(?:.+\\/)?[^/]*__[^/]*$"
    },
    {
      "positive": false,
      "regex": "^\\/(?:.+\\/)?[^/]*__[^/]*\\/.*$"
    }
  ]
}