{
  "configVersion": 1,
  "timestamp": 1702313064821,
  "index": "/referential/index.html",
  "assetGroups": [
    {
      "name": "app",
      "installMode": "prefetch",
      "updateMode": "prefetch",
      "cacheQueryOptions": {
        "ignoreVary": true
      },
      "urls": [
        "/referential/0-es2015.c9735200676430bbf46d.js",
        "/referential/0-es5.c9735200676430bbf46d.js",
        "/referential/1-es2015.1750529a01e467ff6ab2.js",
        "/referential/1-es5.1750529a01e467ff6ab2.js",
        "/referential/10-es2015.c081c3b43af041336b50.js",
        "/referential/10-es5.c081c3b43af041336b50.js",
        "/referential/11-es2015.554ca35cddaab739f0fa.js",
        "/referential/11-es5.554ca35cddaab739f0fa.js",
        "/referential/12-es2015.b53ffa191dc6eceeb67e.js",
        "/referential/12-es5.b53ffa191dc6eceeb67e.js",
        "/referential/13-es2015.1f7554c2a0b9a677e4d6.js",
        "/referential/13-es5.1f7554c2a0b9a677e4d6.js",
        "/referential/14-es2015.d50686f47be64fa54118.js",
        "/referential/14-es5.d50686f47be64fa54118.js",
        "/referential/15-es2015.8759a306d9e0331ada74.js",
        "/referential/15-es5.8759a306d9e0331ada74.js",
        "/referential/16-es2015.a84e8f902269d70ab888.js",
        "/referential/16-es5.a84e8f902269d70ab888.js",
        "/referential/17-es2015.6765614bd5996680e60c.js",
        "/referential/17-es5.6765614bd5996680e60c.js",
        "/referential/18-es2015.8c8c1e519c435e748153.js",
        "/referential/18-es5.8c8c1e519c435e748153.js",
        "/referential/19-es2015.e8c58208a3b56696ad37.js",
        "/referential/19-es5.e8c58208a3b56696ad37.js",
        "/referential/20-es2015.2e097ba94944992af461.js",
        "/referential/20-es5.2e097ba94944992af461.js",
        "/referential/21-es2015.5d076d854fc6000b2b54.js",
        "/referential/21-es5.5d076d854fc6000b2b54.js",
        "/referential/22-es2015.9ea6ec922da0622ea46a.js",
        "/referential/22-es5.9ea6ec922da0622ea46a.js",
        "/referential/23-es2015.92cc3fe9aee3698d1f9a.js",
        "/referential/23-es5.92cc3fe9aee3698d1f9a.js",
        "/referential/24-es2015.c2ef5b2d59150b56d1d4.js",
        "/referential/24-es5.c2ef5b2d59150b56d1d4.js",
        "/referential/4-es2015.0390684eef25b62eaaee.js",
        "/referential/4-es5.0390684eef25b62eaaee.js",
        "/referential/9-es2015.bcfe83d3d9184f09cac3.js",
        "/referential/9-es5.bcfe83d3d9184f09cac3.js",
        "/referential/common-es2015.b46973d931d17f437ebd.js",
        "/referential/common-es5.b46973d931d17f437ebd.js",
        "/referential/main-es2015.193e74b1ba289d67b838.js",
        "/referential/main-es5.193e74b1ba289d67b838.js",
        "/referential/polyfills-es2015.a7802549e3eb60fde1cd.js",
        "/referential/polyfills-es5.26c9a04e0ef38235f2e8.js",
        "/referential/runtime-es2015.6dd1636396ec8e2a82f3.js",
        "/referential/runtime-es5.6dd1636396ec8e2a82f3.js",
        "/referential/styles.b6d54e659a0735a5a83d.css"
      ],
      "patterns": []
    },
    {
      "name": "assets",
      "installMode": "lazy",
      "updateMode": "prefetch",
      "cacheQueryOptions": {
        "ignoreVary": true
      },
      "urls": [
        "/referential/MaterialIcons-Regular.4674f8ded773cb03e824.eot",
        "/referential/MaterialIcons-Regular.5e7382c63da0098d634a.ttf",
        "/referential/MaterialIcons-Regular.83bebaf37c09c7e1c3ee.woff",
        "/referential/MaterialIcons-Regular.cff684e59ffb052d72cb.woff2",
        "/referential/assets/account-header-bg.jpg",
        "/referential/assets/avatar.svg",
        "/referential/assets/bg-customer-select.svg",
        "/referential/assets/bg-tenant-select.svg",
        "/referential/assets/check.svg",
        "/referential/assets/country/en.svg",
        "/referential/assets/country/fr.svg",
        "/referential/assets/customer-header-bg.jpg",
        "/referential/assets/footer-logo.svg",
        "/referential/assets/login-bg.jpg",
        "/referential/assets/logo.png",
        "/referential/assets/logo.svg",
        "/referential/assets/logo_FOOTER.png",
        "/referential/assets/logo_HEADER.png",
        "/referential/assets/logo_PORTAL.png",
        "/referential/assets/logo_USER.png",
        "/referential/assets/mini-logo-vitam.png",
        "/referential/assets/my-account.svg",
        "/referential/assets/navbar-logo-vitamui.png",
        "/referential/assets/portal-bg.jpg",
        "/referential/assets/portal-header-bg.jpg",
        "/referential/assets/profile-header-bg.jpg",
        "/referential/assets/shared-i18n/README.md",
        "/referential/assets/success-bg.jpg",
        "/referential/assets/success.jpg",
        "/referential/assets/test_logo.png",
        "/referential/assets/user-header-bg.jpg",
        "/referential/assets/user_icon.png",
        "/referential/assets/vitam-logo.png",
        "/referential/assets/vitamui-logo-large.png",
        "/referential/assets/vitamui-logo-navbar.png",
        "/referential/assets/vitamui-logo.png",
        "/referential/mulishFont200.1e3ade16373e5c750d4e.woff2",
        "/referential/mulishFont700.82ca89e377b3519c3ceb.woff2",
        "/referential/mulishFontsGoogleLatin.534216428c5bbca363fa.woff2",
        "/referential/mulishFontsGoogleLatinExt.62f3e8b58b51d2b37d0c.woff2",
        "/referential/vitamui-icon.00274f732a1a9e61791f.eot",
        "/referential/vitamui-icon.29fdaf13b989ebdb5505.svg",
        "/referential/vitamui-icon.44bb34d89ab63e82d033.eot",
        "/referential/vitamui-icon.7511fff1f9cdb8788fca.ttf",
        "/referential/vitamui-icon.9553f8ad5e439440667d.svg",
        "/referential/vitamui-icon.9afd80dd4a7d22a60a5a.woff",
        "/referential/vitamui-icon.b5148d32008d1fd31773.ttf",
        "/referential/vitamui-icon.bbf0f58ce877c85100ff.woff"
      ],
      "patterns": []
    }
  ],
  "dataGroups": [],
  "hashTable": {
    "/referential/0-es2015.c9735200676430bbf46d.js": "948270f18eb2142c991ec4e905be17624cb5b911",
    "/referential/0-es5.c9735200676430bbf46d.js": "f5ba8ee09aaf4711f05f99041b8d591e61e668a1",
    "/referential/1-es2015.1750529a01e467ff6ab2.js": "252d84d0acfcf4579772525def8a969ad0238c77",
    "/referential/1-es5.1750529a01e467ff6ab2.js": "999051ee47af0dcd3bd0f2a970cb867d1569c16e",
    "/referential/10-es2015.c081c3b43af041336b50.js": "9bbcd354fe9f33852a9e37c8bed8f5db350298ae",
    "/referential/10-es5.c081c3b43af041336b50.js": "10cf8f66367bc8c94b48164f8a41774890682261",
    "/referential/11-es2015.554ca35cddaab739f0fa.js": "3d617f0e831846e660b422e5e07a3c1db25d9772",
    "/referential/11-es5.554ca35cddaab739f0fa.js": "04b7f6af14915e2380747545aa90c3f09faf9ac6",
    "/referential/12-es2015.b53ffa191dc6eceeb67e.js": "c8bb72a77adb225b62c2c324d137e1804ca460e2",
    "/referential/12-es5.b53ffa191dc6eceeb67e.js": "1353b8ab48f9037dd4503878e6a085aff799add9",
    "/referential/13-es2015.1f7554c2a0b9a677e4d6.js": "ecc5491ca225fb8fa940ba01f930eaa5a9bf2569",
    "/referential/13-es5.1f7554c2a0b9a677e4d6.js": "29bf82c5518e19170397573d742b14fafc3b1843",
    "/referential/14-es2015.d50686f47be64fa54118.js": "071d5f68cbba3a86293835c278f1feb155258bcf",
    "/referential/14-es5.d50686f47be64fa54118.js": "5c8aa1624ee15fbeb3f10e639d4065f69b6ff972",
    "/referential/15-es2015.8759a306d9e0331ada74.js": "7677998db9ba384c1d6e61d8afe9f2225034c611",
    "/referential/15-es5.8759a306d9e0331ada74.js": "bf64b1ba66a4b3ec23a25b15ab4751abdac6f142",
    "/referential/16-es2015.a84e8f902269d70ab888.js": "04e81e85a86d32105c8cc92c185fdb9dc7005620",
    "/referential/16-es5.a84e8f902269d70ab888.js": "8167ca2cb458f61e57ecfe69196ed80ff7b4703d",
    "/referential/17-es2015.6765614bd5996680e60c.js": "e1e61e044dc40670b329b727583e55684b6576ae",
    "/referential/17-es5.6765614bd5996680e60c.js": "26b7e3ebbc2594ad83711def7c3d1258eca23a20",
    "/referential/18-es2015.8c8c1e519c435e748153.js": "5442dd54f692cc5702b5844583ab5dbe9e79dda8",
    "/referential/18-es5.8c8c1e519c435e748153.js": "d8707f5d830edb0657990b2ddf9ea92e45910951",
    "/referential/19-es2015.e8c58208a3b56696ad37.js": "87da3dcfc6994e64bd1fe8c33161271892af24e3",
    "/referential/19-es5.e8c58208a3b56696ad37.js": "a0a935f9786d2fa6e4008b4d556088954bc4931e",
    "/referential/20-es2015.2e097ba94944992af461.js": "db8c3bb5ed2a8c24937e6c7446b6e726acdbd218",
    "/referential/20-es5.2e097ba94944992af461.js": "c0df1843e9dd25a0c61b23e6997f347bf386981b",
    "/referential/21-es2015.5d076d854fc6000b2b54.js": "a2c222ac6e34762f46b61098e6b7b5cd1b8d0029",
    "/referential/21-es5.5d076d854fc6000b2b54.js": "8b0fff1229e9a44d886ed0e23b8452e5c27d02ae",
    "/referential/22-es2015.9ea6ec922da0622ea46a.js": "4c4a27ad8b45987be1935657394f9e5d43300c38",
    "/referential/22-es5.9ea6ec922da0622ea46a.js": "454f18ec1caab98bec7ed43c45be7b55ae9b4a05",
    "/referential/23-es2015.92cc3fe9aee3698d1f9a.js": "74309a49482374e0bb75a6475e047f5d3a82c119",
    "/referential/23-es5.92cc3fe9aee3698d1f9a.js": "33db1715a871471c739114b1aae61e34470e780f",
    "/referential/24-es2015.c2ef5b2d59150b56d1d4.js": "9d6e7ca7a1acb53a3958b1ed1e27aaaff3415244",
    "/referential/24-es5.c2ef5b2d59150b56d1d4.js": "f400723975d5b20ce7a7d88c9dbfc576b14782a4",
    "/referential/4-es2015.0390684eef25b62eaaee.js": "744fe43d1aabf7cfae61b3f267bd3bc3afcaaa92",
    "/referential/4-es5.0390684eef25b62eaaee.js": "1b075ce57c00de5520d4ab0ce63597740aee1477",
    "/referential/9-es2015.bcfe83d3d9184f09cac3.js": "4f92579c2efa9073f9122a868c81d18dfde6ae73",
    "/referential/9-es5.bcfe83d3d9184f09cac3.js": "2cf4ea0c5ebb3625731520cdd1881b24b9439388",
    "/referential/MaterialIcons-Regular.4674f8ded773cb03e824.eot": "26fb8cecb5512223277b4d290a24492a0f09ede1",
    "/referential/MaterialIcons-Regular.5e7382c63da0098d634a.ttf": "fc05de31234e0090f7ddc28ce1b23af4026cb1da",
    "/referential/MaterialIcons-Regular.83bebaf37c09c7e1c3ee.woff": "c6c953c2ccb2ca9abb21db8dbf473b5a435f0082",
    "/referential/MaterialIcons-Regular.cff684e59ffb052d72cb.woff2": "09963592e8c953cc7e14e3fb0a5b05d5042e8435",
    "/referential/assets/account-header-bg.jpg": "fdc25ee6846edde0c4d5d6991d970e621f1a0aa0",
    "/referential/assets/avatar.svg": "9ff04f0651578b0dbfc9f97a27a89506101394bc",
    "/referential/assets/bg-customer-select.svg": "0e9bc0fabae742969014b5fef803eee707922634",
    "/referential/assets/bg-tenant-select.svg": "da489f784d433747fae9a8d873c7e8d658fbdf20",
    "/referential/assets/check.svg": "3a33aef0a02955ef3b49b9877765b1b16011018b",
    "/referential/assets/country/en.svg": "2b5148a18b90f933e47bf895c26d61a52d21d9d8",
    "/referential/assets/country/fr.svg": "e3deb99b897e85df223b6d5d63628ea6d9c762c1",
    "/referential/assets/customer-header-bg.jpg": "8cacccfdd6eaa6a8c79b7c184bccd6dae6a7442d",
    "/referential/assets/footer-logo.svg": "8d54e762125574e92769c3dfe308afc2307cce3b",
    "/referential/assets/login-bg.jpg": "e9cf1ac3c4713f14730524eb2079dce003de2c62",
    "/referential/assets/logo.png": "918f4351c803e4440d869b689744c3f77a263461",
    "/referential/assets/logo.svg": "163806bb7a3e5505d7c2432965564eb8f851dc13",
    "/referential/assets/logo_FOOTER.png": "5b8fd9e0bdc417b8ecf5d06739a1ef89b1741d1e",
    "/referential/assets/logo_HEADER.png": "5b8fd9e0bdc417b8ecf5d06739a1ef89b1741d1e",
    "/referential/assets/logo_PORTAL.png": "918f4351c803e4440d869b689744c3f77a263461",
    "/referential/assets/logo_USER.png": "e80658984ef4c1a71f3d0eb007251eeb1607ed77",
    "/referential/assets/mini-logo-vitam.png": "e9ac16ff7a717a1f2f8028cb19a95390422b4358",
    "/referential/assets/my-account.svg": "6fd87f211c8f87de0e73b0e01c138eaf90239869",
    "/referential/assets/navbar-logo-vitamui.png": "918f4351c803e4440d869b689744c3f77a263461",
    "/referential/assets/portal-bg.jpg": "69d4ed6b28d3f73ddba6a764561c5579a4c3fc02",
    "/referential/assets/portal-header-bg.jpg": "c86627d30848adfe70c725745f0d952632ecaa25",
    "/referential/assets/profile-header-bg.jpg": "8845a23b3eb4ac06f8af1ced6860a6613cbce2e3",
    "/referential/assets/shared-i18n/README.md": "ad2be5823598747b0e097b9418037c0af0f6cfa2",
    "/referential/assets/success-bg.jpg": "69d4ed6b28d3f73ddba6a764561c5579a4c3fc02",
    "/referential/assets/success.jpg": "9396422a3fe78f8fe9a75f03b74867dcfd721d4c",
    "/referential/assets/test_logo.png": "19977b918649ed208769326951de1f355d393e45",
    "/referential/assets/user-header-bg.jpg": "a3f8155b30263a5a5aa10cd15d41d849162b770f",
    "/referential/assets/user_icon.png": "e80658984ef4c1a71f3d0eb007251eeb1607ed77",
    "/referential/assets/vitam-logo.png": "0bcb4aaad694b796cf574e4f7aca90b740bcb9f2",
    "/referential/assets/vitamui-logo-large.png": "d099059131f927a6c7084fd378a8cc946557a2d4",
    "/referential/assets/vitamui-logo-navbar.png": "d099059131f927a6c7084fd378a8cc946557a2d4",
    "/referential/assets/vitamui-logo.png": "f5e699ef3fff69723d76f90260ec077328f71882",
    "/referential/common-es2015.b46973d931d17f437ebd.js": "2c3d12826d3f25138b7ef1afabc282b63f81bc6c",
    "/referential/common-es5.b46973d931d17f437ebd.js": "83b3a7176a93e5bcfd894ac3b8285e62125f9f33",
    "/referential/main-es2015.193e74b1ba289d67b838.js": "3dcf5c3ac4d627051677ee15ef8fe87f76bcc801",
    "/referential/main-es5.193e74b1ba289d67b838.js": "d265ad18bf05ab4bf13e6951be558787ed212c3e",
    "/referential/mulishFont200.1e3ade16373e5c750d4e.woff2": "c680d8d864f3c61fb790b73770307a845fe4c3b1",
    "/referential/mulishFont700.82ca89e377b3519c3ceb.woff2": "dc1337f1da45164af176cf5b81f4d238c39d9694",
    "/referential/mulishFontsGoogleLatin.534216428c5bbca363fa.woff2": "081111500e97a7663ff936f847e050fee6b8be2b",
    "/referential/mulishFontsGoogleLatinExt.62f3e8b58b51d2b37d0c.woff2": "f690c11fe3c8ff360672da95dcfaf0073a8fdc37",
    "/referential/polyfills-es2015.a7802549e3eb60fde1cd.js": "a99d4b98965bb79c147d72b4962b13cf8ff69014",
    "/referential/polyfills-es5.26c9a04e0ef38235f2e8.js": "6ad0e5564611696c4e6fa5c4065487dc444bef0e",
    "/referential/runtime-es2015.6dd1636396ec8e2a82f3.js": "b184c971335ebd52d116c9add339b5db89d23db6",
    "/referential/runtime-es5.6dd1636396ec8e2a82f3.js": "e2049c3a2d9b3e33dfd389a548d19177528f1aa2",
    "/referential/styles.b6d54e659a0735a5a83d.css": "42a3fcdfeb98f8bdfaac42f5425fbb4f46cf6a96",
    "/referential/vitamui-icon.00274f732a1a9e61791f.eot": "373fb63b8390fd69f105479e9f8cdb3f090a920a",
    "/referential/vitamui-icon.29fdaf13b989ebdb5505.svg": "65122d96002cf704304a95b0ac4619f3ec16b35c",
    "/referential/vitamui-icon.44bb34d89ab63e82d033.eot": "44837a69a1e93af2ca72a4f1ab734f2a5a535181",
    "/referential/vitamui-icon.7511fff1f9cdb8788fca.ttf": "e4792d8b4f4636e85d39beabcab5e1e6510789b5",
    "/referential/vitamui-icon.9553f8ad5e439440667d.svg": "d4902856d9d3ad1dc126ebcf1afcd172bd759c5b",
    "/referential/vitamui-icon.9afd80dd4a7d22a60a5a.woff": "60ef16739916934d916aac847f37184c8bb2d970",
    "/referential/vitamui-icon.b5148d32008d1fd31773.ttf": "0acd2739e5450824ac5aebb1cf0a514d4f981d64",
    "/referential/vitamui-icon.bbf0f58ce877c85100ff.woff": "9d2108e8d53510827a36f47509c0fa9189c3c037"
  },
  "navigationUrls": [
    {
      "positive": true,
      "regex": "^\\/.*$"
    },
    {
      "positive": false,
      "regex": "^\\/(?:.+\\/)?[^/]*\\.[^/]*$"
    },
    {
      "positive": false,
      "regex": "^\\/(?:.+\\/)?[^/]*__[^/]*$"
    },
    {
      "positive": false,
      "regex": "^\\/(?:.+\\/)?[^/]*__[^/]*\\/.*$"
    }
  ]
}