{
  "configVersion": 1,
  "timestamp": 1702312832782,
  "index": "/index.html",
  "assetGroups": [
    {
      "name": "app",
      "installMode": "prefetch",
      "updateMode": "prefetch",
      "cacheQueryOptions": {
        "ignoreVary": true
      },
      "urls": [
        "/main-es2015.2d087a4db4a16a46b428.js",
        "/main-es5.2d087a4db4a16a46b428.js",
        "/polyfills-es2015.cc77890b68e8c813f548.js",
        "/polyfills-es5.4bf74a1b1f52331520b3.js",
        "/runtime-es2015.66c79b9d36e7169e27b0.js",
        "/runtime-es5.66c79b9d36e7169e27b0.js",
        "/styles.bdb71792671992a48df4.css"
      ],
      "patterns": []
    },
    {
      "name": "assets",
      "installMode": "lazy",
      "updateMode": "prefetch",
      "cacheQueryOptions": {
        "ignoreVary": true
      },
      "urls": [
        "/MaterialIcons-Regular.4674f8ded773cb03e824.eot",
        "/MaterialIcons-Regular.5e7382c63da0098d634a.ttf",
        "/MaterialIcons-Regular.83bebaf37c09c7e1c3ee.woff",
        "/MaterialIcons-Regular.cff684e59ffb052d72cb.woff2",
        "/assets/account-header-bg.jpg",
        "/assets/app-icons/ACCESSION_REGISTER_APP.svg",
        "/assets/app-icons/ACCESS_APP.svg",
        "/assets/app-icons/ACCOUNTS_APP.svg",
        "/assets/app-icons/ACCOUNTS_APP_.svg",
        "/assets/app-icons/AGENCIES_APP.svg",
        "/assets/app-icons/API_SUPERVISION_APP.svg",
        "/assets/app-icons/ARCHIVAL_PROFILE_APP.svg",
        "/assets/app-icons/ARCHIVE_APP.svg",
        "/assets/app-icons/ARCHIVE_BATCH_INGEST_APP.svg",
        "/assets/app-icons/ARCHIVE_PROFILE_APP.svg",
        "/assets/app-icons/ARCHIVE_ROOM_APP.svg",
        "/assets/app-icons/ARCHIVE_SEARCH_MANAGEMENT_APP.svg",
        "/assets/app-icons/ARCHIVE_TYPE_APP.svg",
        "/assets/app-icons/AUDIT_APP.svg",
        "/assets/app-icons/BARCODES_APP.svg",
        "/assets/app-icons/COLLECT_APP.svg",
        "/assets/app-icons/CONTEXTS_APP.svg",
        "/assets/app-icons/CUSTOMERS_APP.svg",
        "/assets/app-icons/DSL_APP.svg",
        "/assets/app-icons/FILE_FORMATS_APP.svg",
        "/assets/app-icons/GROUPS_APP.svg",
        "/assets/app-icons/HIERARCHY_PROFILE_APP.svg",
        "/assets/app-icons/HOLDING_FILLING_SCHEME_APP.svg",
        "/assets/app-icons/INGEST_APP.svg",
        "/assets/app-icons/INGEST_MANAGEMENT_APP.svg",
        "/assets/app-icons/ITEM_ADMIN_SUPERVISION_APP.svg",
        "/assets/app-icons/ITEM_CUSTOMER_SUPERVISION_APP.svg",
        "/assets/app-icons/ITEM_SUPERVISION_PROFILE_APP.svg",
        "/assets/app-icons/LOGBOOK_MANAGEMENT_OPERATION_APP.svg",
        "/assets/app-icons/LOGBOOK_OPERATION_APP.svg",
        "/assets/app-icons/MANAGEMENT_CONTRACT_APP.svg",
        "/assets/app-icons/MANUAL_INGEST_APP.svg",
        "/assets/app-icons/MY_ACTIVITY_V2_APP.svg",
        "/assets/app-icons/ONTOLOGY_APP.svg",
        "/assets/app-icons/PASTIS_APP.svg",
        "/assets/app-icons/PHYSICAL_CUSTOMERS_APP.svg",
        "/assets/app-icons/PROBATIVE_VALUE_APP.svg",
        "/assets/app-icons/PROFILES_APP.svg",
        "/assets/app-icons/RECORD_MANAGEMENT_APP.svg",
        "/assets/app-icons/REPORTING_APP.svg",
        "/assets/app-icons/RULES_APP.svg",
        "/assets/app-icons/SECURE_APP.svg",
        "/assets/app-icons/SECURITY_PROFILES_APP.svg",
        "/assets/app-icons/SUBROGATIONS_APP.svg",
        "/assets/app-icons/TENANT_TREE_APP.svg",
        "/assets/app-icons/UNKNOWN_APP.svg",
        "/assets/app-icons/USERS_APP.svg",
        "/assets/avatar.svg",
        "/assets/bg-customer-select.svg",
        "/assets/bg-tenant-select.svg",
        "/assets/country/en.svg",
        "/assets/country/fr.svg",
        "/assets/footer-logo.svg",
        "/assets/logo.png",
        "/assets/logo.svg",
        "/assets/logo_FOOTER.png",
        "/assets/logo_HEADER.png",
        "/assets/logo_PORTAL.png",
        "/assets/logo_USER.png",
        "/assets/mini-logo-vitam.png",
        "/assets/my-account.svg",
        "/assets/shared-i18n/README.md",
        "/assets/user_icon.png",
        "/assets/vitam-logo.png",
        "/mulishFont200.1e3ade16373e5c750d4e.woff2",
        "/mulishFont700.82ca89e377b3519c3ceb.woff2",
        "/mulishFontsGoogleLatin.534216428c5bbca363fa.woff2",
        "/mulishFontsGoogleLatinExt.62f3e8b58b51d2b37d0c.woff2",
        "/vitamui-icon.44bb34d89ab63e82d033.eot",
        "/vitamui-icon.9553f8ad5e439440667d.svg",
        "/vitamui-icon.b5148d32008d1fd31773.ttf",
        "/vitamui-icon.bbf0f58ce877c85100ff.woff"
      ],
      "patterns": []
    }
  ],
  "dataGroups": [],
  "hashTable": {
    "/MaterialIcons-Regular.4674f8ded773cb03e824.eot": "26fb8cecb5512223277b4d290a24492a0f09ede1",
    "/MaterialIcons-Regular.5e7382c63da0098d634a.ttf": "fc05de31234e0090f7ddc28ce1b23af4026cb1da",
    "/MaterialIcons-Regular.83bebaf37c09c7e1c3ee.woff": "c6c953c2ccb2ca9abb21db8dbf473b5a435f0082",
    "/MaterialIcons-Regular.cff684e59ffb052d72cb.woff2": "09963592e8c953cc7e14e3fb0a5b05d5042e8435",
    "/assets/account-header-bg.jpg": "fdc25ee6846edde0c4d5d6991d970e621f1a0aa0",
    "/assets/app-icons/ACCESSION_REGISTER_APP.svg": "ebc829c49c01e41d4cc302410eb20654fa53d8e4",
    "/assets/app-icons/ACCESS_APP.svg": "cd46cc65888ab43e65c0477720acd568ec3a87da",
    "/assets/app-icons/ACCOUNTS_APP.svg": "84a812975693e4cf18fa27c335ef466ad27040ef",
    "/assets/app-icons/ACCOUNTS_APP_.svg": "c687e0d0dbdd5e091cd3049f0625ebd17c3c4efc",
    "/assets/app-icons/AGENCIES_APP.svg": "0899b2a88676b4e2f3538f3a75b6a7321da3ecb1",
    "/assets/app-icons/API_SUPERVISION_APP.svg": "81303dd6e2d998be65b17106e16731cf81f15d6d",
    "/assets/app-icons/ARCHIVAL_PROFILE_APP.svg": "d3117f0b403eded6059c4a4b526b7676efca3403",
    "/assets/app-icons/ARCHIVE_APP.svg": "8e28175422feef442872c0ffec6c533656d760a2",
    "/assets/app-icons/ARCHIVE_BATCH_INGEST_APP.svg": "e9c8a30385bc0b8b11dfd36e96b41dfab12c79dd",
    "/assets/app-icons/ARCHIVE_PROFILE_APP.svg": "452009693ea006516b38b9e0c94eec70782faa4b",
    "/assets/app-icons/ARCHIVE_ROOM_APP.svg": "7cb6db3ebe0515e86fd95b860a5cd66882a1cf55",
    "/assets/app-icons/ARCHIVE_SEARCH_MANAGEMENT_APP.svg": "7e8e512ef38f9360cc0eb310ff33ae73a0c0a274",
    "/assets/app-icons/ARCHIVE_TYPE_APP.svg": "c1e31ab00cea6b24ef4650abfaa8c47bd108aa62",
    "/assets/app-icons/AUDIT_APP.svg": "53cf368c9914d80755dc2cf198da3a2a19b24854",
    "/assets/app-icons/BARCODES_APP.svg": "3f339a8d8d55a4130b726cc6fb5fe057e4d70aec",
    "/assets/app-icons/COLLECT_APP.svg": "289edb37c8167bc86ccb045c6e43b3221c9049f0",
    "/assets/app-icons/CONTEXTS_APP.svg": "b699d65c91f921a5fcac45356c70bc4ca3437b10",
    "/assets/app-icons/CUSTOMERS_APP.svg": "1e2988b9bf9b2fca90c78437d2e1c69214c684e7",
    "/assets/app-icons/DSL_APP.svg": "aba83bf056131b2ff6bd3c54726a7d0111ec07f5",
    "/assets/app-icons/FILE_FORMATS_APP.svg": "e4be02b3b6d077ad4ada341d37aa4c161e51c1c0",
    "/assets/app-icons/GROUPS_APP.svg": "ba1288aefb7038517c35eab6a70a4ef696e06b25",
    "/assets/app-icons/HIERARCHY_PROFILE_APP.svg": "9b3dd47c7d996dd98b7b678933cafe60efa8eef9",
    "/assets/app-icons/HOLDING_FILLING_SCHEME_APP.svg": "c1ce4372d844725d3af389ab31b62b207736cc1b",
    "/assets/app-icons/INGEST_APP.svg": "42f6321b04c2f924dae0bf9a1ff91579629e8c10",
    "/assets/app-icons/INGEST_MANAGEMENT_APP.svg": "414a476c0ef6a35e40197c459e849a2e3a654525",
    "/assets/app-icons/ITEM_ADMIN_SUPERVISION_APP.svg": "2e7bbe8904030136601c7309756c4b9a3ac91c94",
    "/assets/app-icons/ITEM_CUSTOMER_SUPERVISION_APP.svg": "9fe4e077d586ca18369537b3ca7d05ad6a1c027e",
    "/assets/app-icons/ITEM_SUPERVISION_PROFILE_APP.svg": "b1cce4ba0bb2a967d931b6eeee2839bea6fd4e43",
    "/assets/app-icons/LOGBOOK_MANAGEMENT_OPERATION_APP.svg": "7d4740cce3fb5b6cf99d3f3b9970200d80c917cc",
    "/assets/app-icons/LOGBOOK_OPERATION_APP.svg": "5d9845d04cd3f04fa7957de3914a24ed252aa573",
    "/assets/app-icons/MANAGEMENT_CONTRACT_APP.svg": "82dbdf2326301f573b5d712c0986f0669d6f008e",
    "/assets/app-icons/MANUAL_INGEST_APP.svg": "7e3fb6fc902e170ea01dda5f0130e003ccfaa57b",
    "/assets/app-icons/MY_ACTIVITY_V2_APP.svg": "36d2469a02f9d02f048f1b61040705d38e79e0bd",
    "/assets/app-icons/ONTOLOGY_APP.svg": "d068af7d145e9c1bec7c38358096a4db3f654152",
    "/assets/app-icons/PASTIS_APP.svg": "d9c8fd28aa896cf498fee6da65577c8c8f3fb465",
    "/assets/app-icons/PHYSICAL_CUSTOMERS_APP.svg": "f43784ed5ced01950940736560e817044ef19e6f",
    "/assets/app-icons/PROBATIVE_VALUE_APP.svg": "a0e700394f26fef66dbae08a284927de0bd36f98",
    "/assets/app-icons/PROFILES_APP.svg": "ccf59da10bc1ee473419a95b8d2f6482a5c3a291",
    "/assets/app-icons/RECORD_MANAGEMENT_APP.svg": "da860455d495a93c70d17b95b881d920574f1607",
    "/assets/app-icons/REPORTING_APP.svg": "8e22c6da5bba7d259a07848ff65475a3a56fbcc6",
    "/assets/app-icons/RULES_APP.svg": "b19ded0fbac064e423f94b108d7279a5597c9c1c",
    "/assets/app-icons/SECURE_APP.svg": "44e98e404f5f87a364162b42f9955467a1055b4e",
    "/assets/app-icons/SECURITY_PROFILES_APP.svg": "fd071ffa7f413024b355dc6453a9ea844f97cb1a",
    "/assets/app-icons/SUBROGATIONS_APP.svg": "642c2fae0a770bc110c16a05656c0c58c35d03a3",
    "/assets/app-icons/TENANT_TREE_APP.svg": "8b89d586b8d1044f97b298f3187019a43e777978",
    "/assets/app-icons/UNKNOWN_APP.svg": "319379d88e336bc88df78bb038d302cd568ccb21",
    "/assets/app-icons/USERS_APP.svg": "7f1d35f51b85a675999d854b5162e534d422a194",
    "/assets/avatar.svg": "9ff04f0651578b0dbfc9f97a27a89506101394bc",
    "/assets/bg-customer-select.svg": "0e9bc0fabae742969014b5fef803eee707922634",
    "/assets/bg-tenant-select.svg": "da489f784d433747fae9a8d873c7e8d658fbdf20",
    "/assets/country/en.svg": "2b5148a18b90f933e47bf895c26d61a52d21d9d8",
    "/assets/country/fr.svg": "e3deb99b897e85df223b6d5d63628ea6d9c762c1",
    "/assets/footer-logo.svg": "8d54e762125574e92769c3dfe308afc2307cce3b",
    "/assets/logo.png": "918f4351c803e4440d869b689744c3f77a263461",
    "/assets/logo.svg": "163806bb7a3e5505d7c2432965564eb8f851dc13",
    "/assets/logo_FOOTER.png": "5b8fd9e0bdc417b8ecf5d06739a1ef89b1741d1e",
    "/assets/logo_HEADER.png": "5b8fd9e0bdc417b8ecf5d06739a1ef89b1741d1e",
    "/assets/logo_PORTAL.png": "918f4351c803e4440d869b689744c3f77a263461",
    "/assets/logo_USER.png": "e80658984ef4c1a71f3d0eb007251eeb1607ed77",
    "/assets/mini-logo-vitam.png": "e9ac16ff7a717a1f2f8028cb19a95390422b4358",
    "/assets/my-account.svg": "6fd87f211c8f87de0e73b0e01c138eaf90239869",
    "/assets/shared-i18n/README.md": "ad2be5823598747b0e097b9418037c0af0f6cfa2",
    "/assets/user_icon.png": "e80658984ef4c1a71f3d0eb007251eeb1607ed77",
    "/assets/vitam-logo.png": "0bcb4aaad694b796cf574e4f7aca90b740bcb9f2",
    "/main-es2015.2d087a4db4a16a46b428.js": "445a1d2f5854fafb54a40028c2b9ffdc758651e8",
    "/main-es5.2d087a4db4a16a46b428.js": "492553f394e6f674ef43e75e90014f5d84119f80",
    "/mulishFont200.1e3ade16373e5c750d4e.woff2": "c680d8d864f3c61fb790b73770307a845fe4c3b1",
    "/mulishFont700.82ca89e377b3519c3ceb.woff2": "dc1337f1da45164af176cf5b81f4d238c39d9694",
    "/mulishFontsGoogleLatin.534216428c5bbca363fa.woff2": "081111500e97a7663ff936f847e050fee6b8be2b",
    "/mulishFontsGoogleLatinExt.62f3e8b58b51d2b37d0c.woff2": "f690c11fe3c8ff360672da95dcfaf0073a8fdc37",
    "/polyfills-es2015.cc77890b68e8c813f548.js": "46a0b1a306e12fdb23df5914d364ba23b669dadf",
    "/polyfills-es5.4bf74a1b1f52331520b3.js": "9a8fc71f73f764a186e4c0b0117d0545b99f3ace",
    "/runtime-es2015.66c79b9d36e7169e27b0.js": "a9aafcf49f49145093fc831efd9b8e2f6c71bb9c",
    "/runtime-es5.66c79b9d36e7169e27b0.js": "a9aafcf49f49145093fc831efd9b8e2f6c71bb9c",
    "/styles.bdb71792671992a48df4.css": "68f999028e8a958ea34926f7cd69d19076e478e0",
    "/vitamui-icon.44bb34d89ab63e82d033.eot": "44837a69a1e93af2ca72a4f1ab734f2a5a535181",
    "/vitamui-icon.9553f8ad5e439440667d.svg": "d4902856d9d3ad1dc126ebcf1afcd172bd759c5b",
    "/vitamui-icon.b5148d32008d1fd31773.ttf": "0acd2739e5450824ac5aebb1cf0a514d4f981d64",
    "/vitamui-icon.bbf0f58ce877c85100ff.woff": "9d2108e8d53510827a36f47509c0fa9189c3c037"
  },
  "navigationUrls": [
    {
      "positive": true,
      "regex": "^\\/.*$"
    },
    {
      "positive": false,
      "regex": "^\\/(?:.+\\/)?[^/]*\\.[^/]*$"
    },
    {
      "positive": false,
      "regex": "^\\/(?:.+\\/)?[^/]*__[^/]*$"
    },
    {
      "positive": false,
      "regex": "^\\/(?:.+\\/)?[^/]*__[^/]*\\/.*$"
    }
  ]
}